name_l;name_r;gender_l;gender_r;birth_year_l;birth_year_r;death_year_l;death_year_r;level;pk_l;pk_r;l_equals_r;chosen_one_pk;l_or_r;please_import;remarks
jean juvenel;jean juvenel;Male;Male;1643;1643;1675;1675;0;15155;15156;non;;none;non;données pauvres ou incohérentes
? delort;? delort;Male;Male;1641;1641;1641;1641;0;20092;20093;non;;none;oui;prénom inconnu
pietro duodo;pietro duodo;Male;Male;1554;1554;1610;1610;0;2886;49782;non;;none;oui;doute
jean-jacques dobler;jean-jacques dobler;Male;Male;1749;1749;1838;1838;0;13313;22099;oui;13313;left;oui;Peu d’informations sur 22099, mais cela semble correspondre
francesco roncalli parolino;francesco roncalli parolino;Male;Male;1692;1692;1763;1763;0;51744;51736;non;;none;non;données pauvres ou incohérentes
septimus andreas fabricius;septimus andreas fabricius;Male;Male;1641;1641;1705;1705;0;52576;22087;oui;22087;right;oui;complémentaires
jean deriennes;jean deriennes;Male;Male;1591;1591;1662;1662;0;22620;3561;oui;22620;left;oui;complémentaires
melchior philibert;melchior philibert;Male;Male;1645;1645;1725;1725;0;50271;44231;oui;50271;left;oui;complémentaires
daniel puerari;daniel puerari;Male;Male;1621;1621;1692;1692;0;51855;48090;oui;51855;left;oui;
michel eyquem de montaigne;michel eyquem de montaigne;Male;Male;1533;1533;1592;1592;0;52259;40039;oui;52259;left;oui;complémentaires
daniel le clerc;daniel le clerc;Male;Male;1652;1652;1728;1728;0;52635;4069;oui;4069;right;oui;complémentaires
henricus regius;henricus regius;Male;Male;1598;1598;1679;1679;0;52522;445;oui;52522;left;oui;complémentaires
gerard de vries;gerard de vries;Male;Male;1648;1648;1705;1705;0;52060;3128;oui;3128;right;oui;complémentaires
guillaume catel;guillaume catel;Male;Male;1560;1560;1626;1626;0;47211;41501;oui;41501;right;oui;
guidobaldo monte;guidobaldo monte;Male;Male;1545;1545;1607;1607;0;2983;52303;oui;2983;left;oui;complémentaires
polycarp heyland;polycarp heyland;Male;Male;1651;1651;1702;1702;0;38630;38643;non;;none;oui;
laurent arvieux;laurent arvieux;Male;Male;1635;1635;1702;1702;0;47166;28180;oui;28180;right;oui;
gilbert burnet;gilbert burnet;Male;Male;1643;1643;1715;1715;0;58011;4021;oui;4021;right;oui;complémentaires
robert talbot;robert talbot;Male;Male;1642;1642;1681;1681;0;48122;44759;oui;48122;left;oui;
giuseppe silos;giuseppe silos;Male;Male;1601;1601;1674;1674;0;48112;44753;oui;48112;left;oui;
nicolas cochin;nicolas cochin;Male;Male;1610;1610;1686;1686;0;24225;44746;oui;24225;left;oui;complémentaires
jacques savoie;jacques savoie;Male;Male;1450;1450;1486;1486;0;59668;59810;oui;59810;right;oui;
louis nicolas neuville de villeroy;louis nicolas neufville de villeroy;Male;Male;1663;1663;1734;1734;1;47825;50830;oui;50830;right;oui;
guglielmo grataroli;guglielmo gratarolo;Male;Male;1516;1516;1568;1568;1;50150;820;oui;820;right;oui;complémentaires
felix prudho;felix prudlo;Male;Male;1794;1794;1837;1837;1;55242;55277;non;;none;oui;doute
konrad victor schneider;conrad victor schneider;Male;Male;1614;1614;1680;1680;1;56121;38579;oui;56121;left;oui;complémentaires
william whewell;william wheewell;Male;Male;1794;1794;1866;1866;1;55266;55250;oui;55250;right;oui;
johannes antonides van der linden;joannes antonides van der linden;Male;Male;1609;1609;1664;1664;1;51829;26908;oui;26908;right;oui;complémentaires
ysbrand  diemerbroeck;ysbrand diemerbroeck;Male;Male;1609;1609;1674;1674;1;47230;43235;oui;43235;right;oui;
gustave tuillier;gustave thuillier;Male;Male;1850;1850;1930;1930;1;35900;26020;oui;26020;right;oui;
friedrich khlwein;friedrich khlewein;Male;Male;1606;1606;1663;1663;1;38412;38679;oui;38679;right;oui;
just antoine meillet-montessuy;just, antoine meillet-montessuy;Male;Male;1817;1817;1880;1880;1;12166;5050;oui;12166;left;oui;
elisabeth baillon;elisabeth baillou;Female;Female;1613;1613;1677;1677;1;43475;46113;oui;46113;right;oui;
jean christophe bala;jean-christophe bala;Male;Male;1785;1785;1837;1837;1;46930;43730;oui;46930;left;oui;complémentaires
johann jakob hoffmann;johann jakob hofmann;Male;Male;1635;1635;1706;1706;1;47305;43690;oui;43690;right;oui;
ludovico maracci;ludovico marracci;Male;Male;1612;1612;1700;1700;1;20608;44755;oui;20608;left;oui;complémentaires
paul mathieu auguste maurice chabrieres;paul mathieu auguste maurice chabrires;Male;Male;1829;1829;1897;1897;1;61424;4515;oui;4515;right;oui;complémentaires
ismael bouilliau;ismal boulliau;Male;Male;1605;1605;1694;1694;2;51896;60;oui;60;right;oui;complémentaires
jos fernandez   del toro;jos fernandez del toro;Male;Male;1663;1663;1733;1733;2;56974;47395;oui;56974;left;oui;
juan antonio   llorente;juan antonio llorente;Male;Male;1750;1750;1823;1823;2;56975;47396;oui;56975;left;oui;
adrien marie le jendre;adrien marie legendre;Male;Male;1752;1752;1833;1833;2;54053;54073;non;;none;oui;doute
michele mazarino;michele mazzarini;Male;Male;1605;1605;1648;1648;2;243;47426;oui;47426;right;oui;complémentaires
louis, aim, lopold isaac;louis aim lopold isaac;Male;Male;1824;1824;1899;1899;2;4951;13090;oui;13090;right;oui;complémentaires
simon vallete;simon valette;Male;Male;1837;1837;1885;1885;2;13174;59513;oui;13174;left;oui;complémentaires
pierre moine;pierre marie;Male;Male;1632;1632;1632;1632;3;17735;17775;non;;none;non;données pauvres ou incohérentes
charles merlan;charles martin;Male;Male;1635;1635;1636;1636;3;19984;19987;non;;none;non;données pauvres ou incohérentes
domingo soto;domingo de soto;Male;Male;1494;1494;1560;1560;3;1514;56122;oui;1514;left;oui;complémentaires
hermann boorhave;herman boerhaave;Male;Male;1668;1668;1738;1738;3;52684;444;non;;none;oui;doute
johann andras de scheidlin;johann andras scheidlin;Male;Male;1734;1734;1756;1756;3;21816;20961;oui;21816;left;oui;
daniel papebrochius;daniel papebroch;Male;Male;1628;1628;1714;1714;3;51962;43134;oui;51962;left;oui;complémentaires
jacques de billy;jacques billy;Male;Male;1602;1602;1679;1679;3;51774;3527;oui;3527;right;oui;
henri bastien;henri estier;Male;Male;1862;1862;1902;1902;3;26333;60210;non;;none;oui;
andr sauze;andr marie;Male;Male;1897;1897;1974;1974;3;38808;43471;non;;none;oui;
stefano vicariis;stefano  vicari;Male;Male;1551;1551;1621;1621;3;787;47598;oui;787;left;oui;complémentaires
jean jacques huguedobler;jean jacques huguedobler;Male;Male;1660;1660;;;4;15062;18728;non;;none;oui;doute
jean rodolphe frey;jean rodolphe frey;Male;Male;1662;1662;;;4;14695;14700;non;;none;oui;doute
gdon brutel;gdon brutel;Male;Male;1665;1665;1668;;4;14021;14022;non;;none;oui;doute
jacques brutel;jacques brutel;Male;Male;1666;1666;;;4;14023;14024;oui;14024;right;oui;
jean grevoullet;jean grevoullet;Male;Male;1633;1633;1681;;4;14915;17320;non;;none;non;données pauvres ou incohérentes
jean hogger;jean hogger;Male;Male;1677;1677;;;4;15017;15018;non;;none;non;données pauvres ou incohérentes
paul gautier;paul gautier;Male;Male;1682;1682;;;4;14796;14797;non;;none;non;données pauvres ou incohérentes
jean jassaud;jean jassaud;Male;Male;1681;1681;;;4;15121;15122;non;;none;non;données pauvres ou incohérentes
moyse guichard;moyse guichard;Male;Male;1677;1677;;1677;4;14957;14958;non;;none;non;données pauvres ou incohérentes
? huris;? huris;Male;Male;1676;1676;1678;;4;15083;15084;non;;none;oui;prénom inconnu
thodore juvenel;thodore juvenel;Male;Male;1678;1678;1679;;4;15158;15159;non;;none;non;données pauvres ou incohérentes
isaac burel;isaac burel;Male;Male;1671;1671;1677;;4;14056;14057;non;;none;non;données pauvres ou incohérentes
? gainon;? gainon;Male;Female;1676;1676;1676;;4;14731;14732;non;;none;oui;prénom inconnu
louis dumont;louis dumont;Male;Male;1639;1639;;;4;14562;14563;non;;none;non;données pauvres ou incohérentes
susanne crommelin;susanne crommelin;Female;Female;1676;1676;;1676;4;14325;14326;non;;none;non;données pauvres ou incohérentes
? brire;? brire;Male;Male;1676;1676;;1676;4;13985;14029;non;;none;oui;prénom inconnu
jean daniel craft;jean daniel craft;Male;Male;1674;1674;;;4;14296;14297;non;;none;non;données pauvres ou incohérentes
jean chicot;jean chicot;Male;Male;1650;1650;1673;;4;14178;14179;non;;none;non;données pauvres ou incohérentes
pierre fabron;pierre fabron;Male;Male;1680;1680;;;4;14614;14615;non;;none;non;données pauvres ou incohérentes
jacques chicot;jacques chicot;Male;Male;1680;1680;1681;;4;14175;14177;non;;none;non;données pauvres ou incohérentes
franois olivier;franois olivier;Male;Male;1678;1678;;1740;4;15703;56485;oui;56485;right;oui;
jean velter;jean velter;Male;Male;1681;1681;;;4;16500;16501;non;;none;non;données pauvres ou incohérentes
elisabeth tourton;elisabeth tourton;Female;Female;1673;1673;;;4;16412;16413;oui;16413;right;oui;complémentaires
jean cuer;jean cuer;Male;Male;1708;1708;1708;;4;16731;16732;non;;none;non;données pauvres ou incohérentes
? rimmacher;? rimmacher;Male;Female;1707;1707;;1707;4;16729;16730;non;;none;oui;prénom inconnu
? croom;? croom;Male;Female;1715;1715;;1715;4;16760;16761;non;;none;oui;prénom inconnu
pierre vigne;pierre vigne;Male;Male;1679;1679;;;4;16528;16529;non;;none;non;données pauvres ou incohérentes
jacques tavernier;jacques tavernier;Male;Male;1678;1678;1682;;4;16356;16357;non;;none;non;données pauvres ou incohérentes
martin sellan;martin sellan;Male;Male;1672;1672;;1673;4;16208;16212;non;;none;non;données pauvres ou incohérentes
marc perachon;marc perachon;Male;Male;1593;1593;;;4;16994;16995;non;;none;oui;
pierre tronchin;pierre tronchin;Male;Male;1677;1677;;;4;16467;16468;non;;none;non;données pauvres ou incohérentes
bonaventure sollicoffre;bonaventure sollicoffre;Male;Male;1677;1677;;;4;16258;16259;non;;none;non;données pauvres ou incohérentes
abraham dimar;abraham dimar;Male;Male;1605;1605;;;4;16989;20254;non;;none;non;données pauvres ou incohérentes
? sernat;? sernat;Male;Male;1675;1675;;1677;4;16215;16216;non;;none;oui;prénom inconnu
catherine reynard;catherine reynard;Female;Female;1678;1678;;;4;16005;16006;non;;none;non;données pauvres ou incohérentes
nicolas mareschal;nicolas mareschal;Male;Male;1663;1663;;1675;4;15458;15461;non;;none;non;données pauvres ou incohérentes
gdon philibert;gdon philibert;Male;Male;1674;1674;;;4;15862;15863;non;;none;non;données pauvres ou incohérentes
jacques giraud;jacques giraud;Male;Male;1684;1684;;;4;16809;16811;non;;none;non;données pauvres ou incohérentes
susanne volff;susanne volff;Female;Female;1658;1658;;1668;4;16571;16573;non;;none;non;données pauvres ou incohérentes
? renaud;? renaud;Female;Male;1661;1661;;1678;4;15992;15993;non;;none;oui;prénom inconnu
emanuel sorin;emanuel sorin;Male;Male;1658;1658;;1676;4;16297;16298;non;;none;non;données pauvres ou incohérentes
louise negret;louise negret;Female;Female;1676;1676;;;4;15660;15661;non;;none;non;données pauvres ou incohérentes
lonard oder;lonard oder;Male;Male;1605;1605;;;4;16966;16967;non;;none;non;données pauvres ou incohérentes
franois tiriot;franois tiriot;Male;Male;1670;1670;1673;;4;16387;16388;non;;none;non;données pauvres ou incohérentes
marthe philibert;marthe philibert;Female;Female;1643;1643;;;4;15871;18042;non;;none;non;données pauvres ou incohérentes
flix giraud;flix giraud;Male;Male;1684;1684;;1684;4;16673;16674;non;;none;non;données pauvres ou incohérentes
david bischof;david bischof;Male;Male;1605;1605;;;4;16920;16922;non;;none;non;données pauvres ou incohérentes
pierre levasseur;pierre levasseur;Male;Male;1684;1684;;;4;16646;16648;non;;none;non;données pauvres ou incohérentes
charles rozier;charles rozier;Male;Male;1684;1684;;;4;16641;16643;non;;none;non;données pauvres ou incohérentes
jean martin;jean martin;Male;Male;1605;1605;;1634;4;16904;16905;non;;none;non;données pauvres ou incohérentes
? zmit;? zmit;Male;Male;1605;1605;;;4;16903;16902;non;;none;oui;prénom inconnu
mathieu baille;mathieu baille;Male;Male;1605;1605;;;4;16868;16870;non;;none;non;données pauvres ou incohérentes
pierre aubert;pierre aubert;Male;Male;1632;1632;;1633;4;17736;19900;non;;none;non;données pauvres ou incohérentes
susanne cruson;susanne cruson;Female;Female;1643;1643;;1647;4;18049;19010;non;;none;non;données pauvres ou incohérentes
pierre feutrier;pierre feutrier;Male;Male;1649;1649;;;4;17980;18290;non;;none;non;données pauvres ou incohérentes
marie chrestien;marie chrestien;Female;Female;1607;1607;1644;;4;17698;20318;non;;none;non;données pauvres ou incohérentes
gabriel collon;gabriel collon;Male;Male;1848;1848;;1921;4;10259;13040;non;;none;oui;doute
antoine philibert;antoine philibert;Male;Male;1654;1654;;;4;18476;18478;non;;none;non;données pauvres ou incohérentes
daniel fleuret;daniel fleuret;Male;Male;1641;1641;1643;;4;17852;19587;non;;none;non;données pauvres ou incohérentes
adrien reynard;adrien reynard;Male;Male;1685;1685;;;4;17416;17418;non;;none;non;données pauvres ou incohérentes
jacques colomb;jacques colomb;Male;Male;1634;1634;1644;;4;17515;17519;non;;none;non;données pauvres ou incohérentes
jean du;jean du;Male;Male;1611;1611;;;4;20485;20486;non;;none;non;données pauvres ou incohérentes
franois bonnet;franois bonnet;Male;Male;1884;1884;;1970;4;10535;38504;non;;none;oui;doute
henri valois;henri valois;;Male;1603;1603;1676;1676;4;859;43701;oui;43701;right;oui;
pierre marca;pierre marca;;Male;1594;1594;1662;1662;4;843;58500;oui;58500;right;oui;
vivant antoine collon;vivant antoine collon;Male;Male;1813;1813;;;4;63369;63410;non;;none;non;données pauvres ou incohérentes
gaspard baerle;gaspard baerle;Male;;1584;1584;1648;1648;4;47175;1395;oui;1395;right;oui;complémentaires
pierre marie jarrosson;pierre marie jarrosson;Male;Male;1812;1812;;1841;4;63378;62905;non;;none;oui;
pierre marie jarrosson;pierre marie jarrosson;Male;Male;1812;1812;;1904;4;63378;40187;oui;40187;right;oui;
louis renault;louis renault;Male;Male;1877;1877;;1944;4;4837;22718;non;;none;oui;doute
denis papin;denis papin;Male;Male;1647;1647;1714;1712;4;52049;4025;oui;52049;left;oui;complémentaires
juan gallo;juan gallo;;Male;1520;1520;1575;1575;4;1888;1526;oui;1888;left;oui;complémentaires
louis  palandre;louis  palandre;Male;Male;1792;1792;;;4;63384;63414;oui;63414;right;oui;triplon louis palandre 63414
louis  palandre;louis  palandre;Male;Male;1792;1792;;;4;63384;63405;oui;63384;left;oui;triplon louis palandre 63414
jean  joseph benot;jean  joseph benot;Male;Male;1790;1790;;;4;63389;63403;oui;63389;left;oui;
camille gabriel jauvat;camille gabriel jauvat;Male;Male;1796;1796;;;4;63398;63368;oui;63398;left;oui;
pierre magdeleine cabaud;pierre magdeleine cabaud;Male;Male;1813;1813;;1861;4;63408;40194;oui;40194;right;oui;
louis  palandre;louis  palandre;Male;Male;1792;1792;;;4;63405;63414;oui;63414;right;oui;triplon louis palandre 63414
claude  grenier;claude  grenier;Male;Male;1760;1760;;;4;63416;63366;oui;63416;left;oui;
jean claude thodore picard;jean claude thodore picard;Male;Male;1804;1804;;;4;63381;63436;oui;63381;left;oui;
antoine dalmasso;antoine dalmasso;Male;Male;1560;1560;;;4;34068;17671;oui;17671;right;oui;
pasquier quesnel;pasquier quesnel;;Male;1634;1634;1719;1719;4;312;48091;oui;48091;right;oui;
luke wadding;luke wadding;;Male;1588;1588;1657;;4;382;3691;non;;none;oui;
pierre marie jarrosson;pierre marie jarrosson;Male;Male;1812;1812;1904;1841;4;40187;62905;non;;none;oui;
philippe france;philippe france;Male;Male;1683;1683;1746;1701;4;41423;41579;non;;none;oui;
ernest chaudonet;ernest chaudonet;Male;Male;1874;1874;;1938;4;5429;24338;non;;none;oui;doute
gabriel florence;gabriel florence;Male;Male;1886;1886;;1945;4;6554;28202;non;;none;oui;doute
charles montaland;charles montaland;Male;Male;1855;1855;;1904;4;10181;13120;non;;none;oui;doute
marie magdeleine vernas;marie magdeleine vernas;Male;Female;1804;1804;;1892;4;57131;58057;oui;58057;right;oui;
martin balthazard adam;martin balthazard adam;Male;Male;1785;1785;1833;;4;40152;63370;oui;40152;left;oui;complémentaires
claude richard;claude richard;;Male;1589;1589;1664;1664;4;2510;27010;oui;2510;left;oui;complémentaires
laure coutan;laure coutan;Male;Female;1855;1855;1915;1915;4;61865;61866;oui;61865;left;oui;
louis  bon;louis  bon;Male;Male;1796;1796;;;4;63374;63427;oui;63374;left;oui;
susanne berard;susanne beraud;Female;Female;1671;1671;;;5;13828;15045;non;;none;non;données pauvres ou incohérentes
marie bernaud;marie beraud;Female;Female;1646;1646;;;5;13850;14052;non;;none;non;données pauvres ou incohérentes
pierre maille;pierre maillet;Male;Male;1680;1680;;;5;15417;15420;non;;none;non;données pauvres ou incohérentes
joseph jaillet;joseph paillet;Male;Male;1884;1884;;;5;8601;6477;non;;none;oui;
franoise barnaud;franoise bernaud;Female;Female;1680;1680;;1681;5;13760;13852;non;;none;non;données pauvres ou incohérentes
jean jacques miller;jean jacques muller;Male;Male;1678;1678;;;5;15548;15621;non;;none;non;données pauvres ou incohérentes
louis moze;louise moze;Male;Female;1655;1655;;;5;18539;18540;non;;none;non;données pauvres ou incohérentes
charles meilan;charles merlan;Male;Male;1635;1635;;1636;5;19028;19984;non;;none;non;données pauvres ou incohérentes
isabeau cabot;isabeau sabot;Female;Female;1635;1635;1636;;5;17780;19034;non;;none;non;données pauvres ou incohérentes
marthe tournier;marthe fournier;Female;Female;1893;1893;;;5;10513;7963;non;;none;oui;
pierre dumoulin;pierre du moulin;;Male;1568;1568;1658;1658;5;137;43258;oui;43258;right;oui;complémentaires
andr prunier;andre prunier;Male;Male;1797;1797;;;5;12039;5082;oui;5082;right;oui;
achille postel;achille poste;Male;Male;1874;1874;;;5;11170;9186;non;;none;oui;doute
joseph paginon;joseph paganon;Male;Male;1880;1880;;1937;5;11171;20854;non;;none;oui;
louis la rochefoucaud;louis la rochefoucauld;;Male;1615;1615;1654;1654;5;1262;45691;oui;45691;right;oui;complémentaires
pierre jaubert;pierre aubert;Male;Male;1751;1751;;1842;5;49743;59524;non;;none;oui;doute
joseph-gilles dray;joseph gilles dray;Male;Male;1764;1764;;;5;49296;50978;non;;none;oui;doute
maurizio bufalino;maurizio bufalini;Male;Male;1787;1787;1875;1861;5;54907;55636;non;;none;oui;doute
charles rousset;charles mousset;Male;Male;1821;1821;;;5;24589;24603;oui;24603;right;oui;
franois citoys;franois citois;Male;;1572;1572;1652;1652;5;51302;1162;oui;51302;left;oui;complémentaires
christoph jacob schreck;christoph jakob schreck;Male;Male;1729;1729;1759;;5;52001;55773;non;;none;oui;doute
jacques goutire;jacques gouthire;;Male;1568;1568;1638;1638;5;1159;43150;oui;43150;right;oui;complémentaires
maurice dugardin;maurice dujardin;Male;Male;1876;1876;1966;;5;31714;6290;non;;none;oui;doute
paul richard;paul ricard;Male;Male;1909;1909;;1997;5;7468;22393;non;;none;oui;
alfred dellembach;alfred dellenbach;Male;Male;1876;1876;;1933;5;7094;36542;oui;36542;right;oui;complémentaires
aim rouvet;aim roudet;Male;Male;1873;1873;;;5;6042;6256;non;;none;oui;doute
louis sapprey;louis sappey;Male;Male;1847;1847;;1932;5;6030;23898;non;;none;oui;doute
gabriel jaillet;gabriel maillet;Male;Male;1876;1876;;1942;5;6658;6299;non;;none;oui;
pierre campronnet;pierre campionnet;Male;Male;1876;1876;;1921;5;7898;22652;oui;22652;right;oui;complémentaires
bonaventura baron;bonaventura baro;Male;;1610;1610;1696;1696;5;35897;1760;oui;1760;right;oui;complémentaires
alexis auger;alexis augier;Male;Male;1775;1775;1841;;5;11718;4466;non;;none;oui;doute
paul gauthier;paul gauthier;Male;Male;1894;1893;1937;;6;38975;5518;non;;none;oui;
jean martin;jean martin;Male;Male;1884;1883;;;6;10679;11026;non;;none;oui;
louis gindre;louis gindre;Male;Male;1868;1867;1949;1902;6;9957;9413;non;;none;oui;doute
alphonse dupasquier;alphonse dupasquier;Male;Male;1794;1793;;1848;6;4899;56126;non;;none;oui;doute
paul flix brolemann;paul flix brolemann;Male;Male;1784;1783;1858;;6;4545;22495;non;;none;oui;doute
joseph morel;joseph morel;Male;Male;1778;1777;;1860;6;4390;13382;oui;4390;left;oui;complémentaires
jean chalmette;jean chalmette;Male;Male;1740;1739;;;6;43919;43935;oui;43919;left;oui;complémentaires
franoise colonge;franoise colonge;Female;Male;1704;1703;;1703;6;44140;44135;non;;none;oui;
jean chicot;jean chicot;Male;Male;1684;1683;;1683;6;16629;14180;non;;none;oui;
jean jacques muller;jean jacques muller;Male;Male;1681;1680;1682;1680;6;15623;15622;non;;none;non;données pauvres ou incohérentes
moyse bouverol;moyse bouverol;Male;Male;1678;1677;1679;;6;13957;13956;non;;none;non;données pauvres ou incohérentes
hierosme juvenel;hierosme juvenel;Male;Male;1678;1677;;;6;15150;15151;non;;none;non;données pauvres ou incohérentes
susanne rignol;susanne rignol;Female;Female;1678;1677;;1679;6;16041;16040;non;;none;non;données pauvres ou incohérentes
franoise dard;franoise dard;Female;Female;1677;1676;;1679;6;14363;14364;non;;none;non;données pauvres ou incohérentes
louis tourton;louis tourton;Male;Male;1677;1676;1683;;6;16429;16426;non;;none;non;données pauvres ou incohérentes
pierre voiroux;pierre voiroux;Male;Male;1677;1676;;;6;16552;16551;non;;none;non;données pauvres ou incohérentes
jacques burel;jacques burel;Male;Male;1676;1675;1676;1675;6;14059;14058;non;;none;non;données pauvres ou incohérentes
louis tourton;louis tourton;Male;Male;1676;1675;;;6;16426;16436;non;;none;non;données pauvres ou incohérentes
jean tourton;jean tourton;Male;Male;1676;1675;;1676;6;17330;16419;non;;none;non;données pauvres ou incohérentes
jean jacques gonsebat;jean jacques gonsebat;Male;Male;1675;1674;;;6;14859;14858;non;;none;non;données pauvres ou incohérentes
jean tribout;jean tribout;Male;Male;1675;1674;;1675;6;16444;16441;non;;none;non;données pauvres ou incohérentes
franois rousset;franois rousset;Male;Male;1672;1671;;1672;6;16097;16098;non;;none;non;données pauvres ou incohérentes
philippe mareschal;philippe mareschal;Male;Male;1671;1670;;1677;6;15463;15462;non;;none;non;données pauvres ou incohérentes
pierre mareschal;pierre mareschal;Male;Male;1671;1670;1672;;6;15465;15466;non;;none;non;données pauvres ou incohérentes
louis liron;louis liron;Male;Male;1669;1668;;;6;15377;17242;non;;none;non;données pauvres ou incohérentes
jacques burlamachy;jacques burlamachy;Male;Male;1669;1668;;1668;6;17143;17133;non;;none;non;données pauvres ou incohérentes
jean jacques romana;jean jacques romana;Male;Male;1666;1665;;1666;6;16067;16066;non;;none;non;données pauvres ou incohérentes
madelaine dalix;madelaine dalix;Female;Female;1665;1664;1671;;6;14353;14354;non;;none;non;données pauvres ou incohérentes
david dumont;david dumont;Male;Male;1664;1663;;;6;14550;14549;non;;none;non;données pauvres ou incohérentes
daniel grueber;daniel grueber;Male;Male;1664;1663;1670;1663;6;14936;14937;non;;none;non;données pauvres ou incohérentes
daniel grueber;daniel grueber;Male;Male;1663;1662;1663;;6;14937;14938;non;;none;non;données pauvres ou incohérentes
jean naulot;jean naulot;Male;Male;1661;1660;1661;;6;18745;18704;non;;none;non;données pauvres ou incohérentes
louise massonneau;louise massonneau;Female;Female;1660;1659;;1660;6;18739;18669;non;;none;non;données pauvres ou incohérentes
catherine mourillard;catherine mourillard;Female;Female;1657;1656;1662;;6;18866;18572;non;;none;non;données pauvres ou incohérentes
jean rodolphe mayer;jean rodolphe mayer;Male;Male;1656;1655;;;6;18561;15498;non;;none;non;données pauvres ou incohérentes
jeanne marie bouchet;jeanne marie bouchet;Female;Female;1655;1654;1655;;6;18543;18495;non;;none;non;données pauvres ou incohérentes
samuel guyonnet;samuel guyonnet;Male;Male;1654;1653;;1654;6;18503;18432;non;;none;non;données pauvres ou incohérentes
anne marie volff;anne marie volff;Female;Female;1653;1652;1671;;6;16555;18382;non;;none;non;données pauvres ou incohérentes
louise mourillard;louise mourillard;Female;Female;1648;1647;;1648;6;18217;19081;non;;none;non;données pauvres ou incohérentes
ester roy;ester roy;Female;Female;1648;1647;1648;;6;19075;18188;non;;none;non;données pauvres ou incohérentes
marie regnauld;marie regnauld;Female;Female;1648;1647;1726;1717;6;58331;30834;non;;none;oui;doute
pierre penin;pierre penin;Male;Male;1647;1646;;1651;6;18210;15763;non;;none;non;données pauvres ou incohérentes
philibert hervart;philibert hervart;Male;Male;1644;1643;;1651;6;18099;18074;non;;none;non;données pauvres ou incohérentes
marie pelloutier;marie pelloutier;Female;Female;1642;1641;1642;;6;20115;19582;non;;none;non;données pauvres ou incohérentes
marie moze;marie moze;Female;Female;1641;1640;;1641;6;15614;17837;non;;none;non;données pauvres ou incohérentes
jacques martin;jacques martin;Male;Male;1641;1640;1651;;6;19154;19568;non;;none;non;données pauvres ou incohérentes
susanne perachon;susanne perachon;Female;Female;1640;1639;;1639;6;19552;19514;non;;none;non;données pauvres ou incohérentes
? coulonges;? coulonges;Male;Male;1640;1639;1640;1639;6;20089;20055;non;;none;oui;prénom inconnu
jean henry conte;jean henry conte;Male;Male;1639;1638;;;6;19539;19505;non;;none;non;données pauvres ou incohérentes
? calaberne;? calaberne;Male;Male;1637;1636;1637;1636;6;17789;17786;non;;none;oui;prénom inconnu
jean sarasin;jean sarasin;Male;Male;1636;1635;;1701;6;16146;48105;non;;none;oui;doute
jean perachon;jean perachon;Male;Male;1635;1634;1635;1635;6;19049;17582;non;;none;non;données pauvres ou incohérentes
franoise fitler;franoise fitler;Female;Female;1635;1634;;;6;19058;17591;non;;none;non;données pauvres ou incohérentes
jacques marie;jacques marie;Male;Male;1634;1633;1644;;6;18939;17511;non;;none;non;données pauvres ou incohérentes
? perachon;? perachon;Male;Female;1634;1633;1634;1633;6;19937;19911;non;;none;oui;prénom inconnu
? schobinger;? schobinger;Male;Male;1625;1624;;;6;19767;19731;non;;none;oui;prénom inconnu
anne fontainerousse;anne fontainerousse;Female;Female;1625;1624;;1632;6;19798;19755;non;;none;non;données pauvres ou incohérentes
girolamo vitali;girolamo vitali;Male;Male;1624;1623;1698;1698;6;52535;20610;oui;52535;left;oui;complémentaires
raimondo capizucchi;raimondo capizucchi;Male;Male;1616;1615;1691;1691;6;435;47203;oui;435;left;oui;complémentaires
susanna eckhard;susanna eckhard;Female;Female;1615;1614;1615;1614;6;38293;38292;non;;none;oui;
jacques moze;jacques moze;Male;Male;1607;1606;;1607;6;17764;20324;non;;none;non;données pauvres ou incohérentes
henry evrard;henry evrard;Male;Male;1603;1602;;;6;20218;20175;non;;none;non;données pauvres ou incohérentes
marie le jars;marie le jars;;Female;1566;1565;1645;1645;6;1070;59629;oui;59629;right;oui;complémentaires
agostino valier;agostino valier;Male;Male;1531;1530;1606;1606;6;46866;800;oui;46866;left;oui;
marcel rodier;marcel rozier;Male;Male;1915;1914;;;7;9438;5485;non;;none;oui;
maurice dlage;maurice delage;Male;Male;1907;1906;1931;;7;57937;7438;non;;none;oui;
marcel mounier;marcel meunier;Male;Male;1894;1893;;1971;7;6768;32343;non;;none;oui;
henry martin;henri martin;Male;Male;1893;1892;;;7;10676;8885;non;;none;oui;
germaine hangest;germain hangest;Female;Male;1884;1883;1986;1963;7;45660;45654;non;;none;oui;
georges mayor;georges mayer;Male;Male;1881;1880;1919;;7;8188;6183;non;;none;oui;
louis laroche;louis larochu;Male;Male;1879;1878;1944;;7;22258;10067;non;;none;oui;doute
flix neyron;flix peyron;Male;Male;1874;1873;;1931;7;10967;9185;non;;none;oui;
pierre barbier;pierre barnier;Male;Male;1863;1862;;1925;7;7031;5696;non;;none;oui;
louis billiard;louis belliard;Male;Male;1862;1861;1936;;7;22319;26207;non;;none;oui;
jean ritton;jean ratton;Male;Male;1860;1859;1902;;7;12716;40875;non;;none;oui;
franois bayet;franois mayet;Male;Male;1853;1852;;;7;40388;40503;non;;none;oui;
louis gabriel escher;louis gabriel eschger;Male;Male;1820;1819;1887;1887;7;60448;60554;oui;60554;right;oui;complémentaires
jean dolfus;jean dollfus;Male;Male;1801;1800;;1888;7;39410;60889;non;;none;oui;
jean janin de combe blanche;jean janin de combe-blanche;Male;Male;1731;1730;1811;1799;7;53516;52017;non;;none;oui;doute
adrien reynard;adrien renard;Male;Male;1685;1684;;;7;17416;16831;non;;none;non;données pauvres ou incohérentes
adrien reynard;adrien renard;Male;Male;1685;1684;;;7;17418;16831;non;;none;non;données pauvres ou incohérentes
guillaume boisson;guillaume bosson;Male;Male;1684;1683;;;7;16792;17386;non;;none;non;données pauvres ou incohérentes
jean dousset;jean rousset;Male;Male;1682;1681;1745;;7;58389;16100;non;;none;oui;
franoise champandal;franois champandal;Female;Male;1678;1677;;;7;14128;14127;non;;none;oui;
gregorio selleri;gregorio sellari;Male;Male;1655;1654;1729;1728;7;13632;47427;non;;none;oui;
jeanne dard;jeanne dar;Female;Female;1649;1648;;;7;18282;18231;non;;none;non;données pauvres ou incohérentes
jeanne buet;jeanne buret;Female;Female;1640;1639;;;7;14043;19533;non;;none;non;données pauvres ou incohérentes
jean henry hervart;jean henri hervart;Male;Male;1635;1634;1636;;7;19045;17593;non;;none;non;données pauvres ou incohérentes
susanne du;susanne de;Female;Female;1626;1625;;;7;20529;19796;non;;none;non;données pauvres ou incohérentes
claude frassen;claude frasse;Male;Male;1620;1619;1711;1683;7;614;49270;non;;none;oui;
jeanne griot;jeanne gariot;Female;Female;1608;1607;;;7;20357;20312;non;;none;non;données pauvres ou incohérentes
toms malvenda;toms maluenda;Male;Male;1566;1565;1628;1628;7;38017;2291;oui;2291;right;oui;complémentaires
henri faure;henri faure;Male;Male;1905;1903;;;8;7527;21939;non;;none;oui;
henri faure;henri faure;Male;Male;1903;1901;;;8;21939;8369;non;;none;oui;
georges blanc;georges blanc;Male;Male;1902;1900;;;8;6924;6972;non;;none;oui;
yvonne cottin;yvonne cottin;Female;Female;1899;1897;;;8;8102;9448;non;;none;oui;
pierre reynaud;pierre reynaud;Male;Male;1879;1877;;;8;7421;9095;non;;none;oui;
robert bouchet;robert bouchet;Female;Male;1877;1875;;;8;44682;44681;non;;none;oui;
paul cotte;paul cotte;Male;Male;1857;1855;;;8;40891;40676;non;;none;oui;
claude poncet;claude poncet;Male;Male;1832;1830;1909;;8;13138;39578;non;;none;oui;
michel roque;michel roque;Male;Male;1824;1822;1851;1866;8;58341;4978;non;;none;oui;doute
franois jacquier;franois jacquier;Male;Male;1818;1816;;1894;8;4513;43097;non;;none;oui;doute
joseph durand;joseph durand;Male;Male;1812;1810;;;8;39431;39175;non;;none;oui;
jeanne duculty;jeanne duculty;Female;Female;1738;1736;1738;;8;46010;46007;non;;none;oui;
john millar;john millar;Male;Male;1735;1733;1801;1805;8;53628;53573;non;;none;oui;
susanne chicot;susanne chicot;Female;Female;1685;1683;;;8;17447;17364;non;;none;non;données pauvres ou incohérentes
elisabeth penin;elisabeth penin;Female;Female;1684;1682;;;8;16808;15759;non;;none;non;données pauvres ou incohérentes
jacques chicot;jacques chicot;Male;Male;1682;1680;;1681;8;14176;14175;non;;none;non;données pauvres ou incohérentes
jacques chicot;jacques chicot;Male;Male;1682;1680;;;8;14176;14177;non;;none;non;données pauvres ou incohérentes
paul gautier;paul gautier;Male;Male;1682;1680;;;8;14796;14798;non;;none;non;données pauvres ou incohérentes
paul gautier;paul gautier;Male;Male;1682;1680;;;8;14797;14798;non;;none;non;données pauvres ou incohérentes
sabine sollicoffre;sabine sollicoffre;Female;Female;1682;1680;;;8;16292;16291;non;;none;non;données pauvres ou incohérentes
marguerite perachon;marguerite perachon;Female;Female;1681;1679;;1679;8;15779;15778;non;;none;non;données pauvres ou incohérentes
thophile tellusson;thophile tellusson;Male;Male;1681;1679;1681;1679;8;16363;16362;non;;none;non;données pauvres ou incohérentes
jacques chicot;jacques chicot;Male;Male;1680;1678;1681;;8;14175;14174;non;;none;non;données pauvres ou incohérentes
jacques chicot;jacques chicot;Male;Male;1680;1678;;;8;14177;14174;non;;none;non;données pauvres ou incohérentes
nicolas mareschal;nicolas mareschal;Male;Male;1680;1678;;;8;15460;15459;non;;none;non;données pauvres ou incohérentes
jean jacques muller;jean jacques muller;Male;Male;1680;1678;1680;;8;15622;15621;non;;none;non;données pauvres ou incohérentes
claude normand;claude normand;Male;Male;1680;1678;1683;1678;8;15687;15690;non;;none;non;données pauvres ou incohérentes
? burel;? burel;Male;Female;1677;1675;1677;1675;8;14053;14054;non;;none;oui;prénom inconnu
jean rignol;jean rignol;Male;Male;1677;1675;;;8;16036;16035;non;;none;non;données pauvres ou incohérentes
louis tourton;louis tourton;Male;Male;1677;1675;1683;;8;16429;16436;non;;none;non;données pauvres ou incohérentes
? perret;? perret;Male;Male;1676;1674;1676;1674;8;15808;15807;non;;none;oui;prénom inconnu
henry blanc;henry blanc;Male;Male;1675;1673;1681;1675;8;13877;13876;non;;none;non;données pauvres ou incohérentes
anne brunenc;anne brunenc;Female;Female;1675;1673;;1674;8;13997;13996;non;;none;non;données pauvres ou incohérentes
charles philibert;charles philibert;Male;Male;1675;1673;1677;;8;15859;15858;non;;none;non;données pauvres ou incohérentes
jean tourton;jean tourton;Male;Male;1675;1673;1676;;8;16419;16418;non;;none;non;données pauvres ou incohérentes
jacques chrestien;jacques chrestien;Male;Male;1674;1672;1678;;8;14200;14199;non;;none;non;données pauvres ou incohérentes
blanche lefevre;blanche lefevre;Female;Female;1673;1671;1675;;8;15290;15291;non;;none;non;données pauvres ou incohérentes
marie lesage;marie lesage;Female;Female;1672;1670;;1671;8;15339;15338;non;;none;non;données pauvres ou incohérentes
germain rottmon;germain rottmon;Male;Male;1672;1670;1672;;8;16091;16090;non;;none;non;données pauvres ou incohérentes
vincent tourton;vincent tourton;Male;Male;1670;1668;;;8;17314;17102;non;;none;non;données pauvres ou incohérentes
anne dumont;anne dumont;Female;Female;1669;1667;;;8;17193;14542;non;;none;non;données pauvres ou incohérentes
jean berard;jean berard;Male;Male;1667;1665;;;8;13824;13823;non;;none;non;données pauvres ou incohérentes
david dumont;david dumont;Male;Male;1666;1664;1670;;8;14551;14550;non;;none;non;données pauvres ou incohérentes
daniel grueber;daniel grueber;Male;Male;1664;1662;1670;;8;14936;14938;non;;none;non;données pauvres ou incohérentes
pierre seignoret;pierre seignoret;Male;Male;1662;1660;;1661;8;16199;18735;non;;none;non;données pauvres ou incohérentes
anne marie sollicoffre;anne marie sollicoffre;Male;Male;1662;1660;;1661;8;16254;18719;non;;none;non;données pauvres ou incohérentes
charles spon;charles spon;Male;Male;1661;1659;1663;1659;8;18764;18676;non;;none;non;données pauvres ou incohérentes
alexandre montmain;alexandre montmain;Male;Male;1659;1657;1667;1659;8;18687;18616;non;;none;non;données pauvres ou incohérentes
marie claude;marie claude;Female;Female;1657;1655;;;8;18598;16647;non;;none;non;données pauvres ou incohérentes
aldebert brunenc;aldebert brunenc;Male;Male;1657;1655;;;8;18611;13995;non;;none;non;données pauvres ou incohérentes
louis dumarest;louis dumarest;Male;Male;1654;1652;;1721;8;57326;49602;non;;none;oui;
dorothe tourton;dorothe tourton;Female;Female;1652;1650;;;8;16410;18315;non;;none;non;données pauvres ou incohérentes
benigne sollicoffre;benigne sollicoffre;Female;Female;1652;1650;;1650;8;18391;18310;non;;none;non;données pauvres ou incohérentes
elisabeth herault;elisabeth herault;Female;Female;1650;1648;;1650;8;18321;18245;non;;none;non;données pauvres ou incohérentes
marie dard;marie dard;Female;Female;1648;1646;1648;;8;19073;18168;non;;none;non;données pauvres ou incohérentes
louis liron;louis liron;Male;Male;1647;1645;;;8;17964;15376;non;;none;non;données pauvres ou incohérentes
jean nadal;jean nadal;Male;Male;1646;1644;1647;;8;18155;18084;non;;none;non;données pauvres ou incohérentes
andr josserand;andr josserand;Male;Male;1644;1642;;1670;8;17984;17201;non;;none;non;données pauvres ou incohérentes
susanne moze;susanne moze;Female;Female;1644;1642;;;8;18089;18026;non;;none;non;données pauvres ou incohérentes
marie nadal;marie nadal;Female;Female;1644;1642;1646;;8;18108;19606;non;;none;non;données pauvres ou incohérentes
jean olivier;jean olivier;Male;Male;1643;1641;;1644;8;15706;18941;non;;none;non;données pauvres ou incohérentes
susanne guerin;susanne guerin;Female;Female;1642;1640;1645;;8;18967;19578;non;;none;non;données pauvres ou incohérentes
charles valmalette;charles valmalette;Male;Male;1642;1640;1648;;8;19065;19572;non;;none;non;données pauvres ou incohérentes
pierre pelloutier;pierre pelloutier;Male;Male;1641;1639;;1658;8;19597;19276;non;;none;non;données pauvres ou incohérentes
susanne perachon;susanne perachon;Female;Female;1639;1637;1639;1637;8;19514;19486;non;;none;non;données pauvres ou incohérentes
marie fleuret;marie fleuret;Female;Female;1639;1637;;1649;8;19534;19093;non;;none;non;données pauvres ou incohérentes
jean moze;jean moze;Male;Male;1638;1636;1661;;8;18834;19502;non;;none;non;données pauvres ou incohérentes
? perachon;? perachon;Male;Male;1636;1634;1636;1634;8;19989;19937;non;;none;oui;prénom inconnu
jean moze;jean moze;Male;Male;1636;1634;;1637;8;19502;20015;non;;none;non;données pauvres ou incohérentes
jacques zacarie;jacques zacarie;Male;Male;1634;1632;;;8;17513;20553;non;;none;non;données pauvres ou incohérentes
mathieu spon;mathieu spon;Male;Male;1633;1631;1638;;8;17792;17721;non;;none;non;données pauvres ou incohérentes
anne rey;anne rey;Female;Female;1627;1625;;;8;20537;19770;non;;none;non;données pauvres ou incohérentes
jeanne ansermet;jeanne ansermet;Female;Female;1626;1624;;;8;20504;19726;non;;none;non;données pauvres ou incohérentes
jean diambro;jean diambro;Male;Male;1626;1624;;;8;20508;19746;non;;none;non;données pauvres ou incohérentes
anne mareschal;anne mareschal;Female;Female;1626;1624;;1630;8;20520;17918;non;;none;non;données pauvres ou incohérentes
marthe perachon;marthe perachon;Female;Female;1622;1620;1643;;8;19694;19409;non;;none;non;données pauvres ou incohérentes
louise huguetan;louise huguetan;Female;Female;1611;1609;;;8;20446;20389;non;;none;non;données pauvres ou incohérentes
jean du;jean du;Male;Male;1611;1609;;1639;8;20485;20072;non;;none;non;données pauvres ou incohérentes
jean du;jean du;Male;Male;1611;1609;;1639;8;20486;20072;non;;none;non;données pauvres ou incohérentes
andr penin;andr penin;Male;Male;1610;1608;;1678;8;20443;15756;non;;none;non;données pauvres ou incohérentes
daniel varambier;daniel varambier;Male;Male;1607;1605;;;8;20299;16886;non;;none;non;données pauvres ou incohérentes
anne penin;anne penin;Female;Female;1606;1604;;;8;20256;20251;non;;none;non;données pauvres ou incohérentes
pierre lair;pierre lair;Male;Male;1605;1603;;;8;16860;20199;non;;none;non;données pauvres ou incohérentes
jean martin;jean martin;Male;Male;1605;1603;;;8;16904;20195;non;;none;non;données pauvres ou incohérentes
jean martin;jean martin;Male;Male;1605;1603;1634;;8;16905;20195;non;;none;non;données pauvres ou incohérentes
henry evrard;henry evrard;Male;Male;1605;1603;;;8;16963;20218;non;;none;non;données pauvres ou incohérentes
jean navarin;jean navarin;Male;Male;1605;1603;;;8;16972;20201;non;;none;non;données pauvres ou incohérentes
jacques hubert;jacques hubert;Male;Male;1604;1602;;;8;20233;20171;non;;none;non;données pauvres ou incohérentes
jeanne oder;jeanne oder;Female;Female;1603;1601;;1663;8;20203;15701;non;;none;non;données pauvres ou incohérentes
guillaume bourguet;guillaume bourguet;Male;Male;1601;1599;;;8;17053;16849;non;;none;non;données pauvres ou incohérentes
maria medici;maria medici;Female;;1575;1573;1642;1642;8;50907;232;oui;50907;left;oui;
philippe cotte;philippe coste;Male;Male;1906;1904;;1974;9;10026;32065;non;;none;oui;
paul delay;paul delaye;Male;Male;1885;1883;;;9;9250;10639;non;;none;oui;
ren demay;ren debay;Male;Male;1880;1878;1963;;9;21932;62540;non;;none;oui;
charles gauthier;charles gautier;Male;Male;1876;1874;;;9;9593;6250;non;;none;oui;
paul auban;paul alban;Male;Male;1869;1867;1945;1936;9;61835;38761;non;;none;oui;
franois villard;franois pillard;Male;Male;1867;1865;1932;1948;9;36409;40112;non;;none;oui;
henri meynier;henri reynier;Male;Male;1858;1856;;;9;40927;6396;non;;none;oui;
amand chaurand;armand chaurand;Male;Male;1813;1811;1896;;9;46837;4401;non;;none;oui;
johann heinrich voigt;johann heinrich vogt;Male;Male;1751;1749;1823;1789;9;54028;53973;non;;none;oui;
gilbert blanc;gilbert blane;Male;Male;1749;1747;1834;1834;9;55679;53961;non;;none;oui;
jean boyer;jean soyer;Male;Male;1699;1697;1751;1697;9;50697;16691;non;;none;oui;
pierre housset;pierre rousset;Male;Male;1684;1682;1684;;9;16659;16106;non;;none;non;données pauvres ou incohérentes
marie roue;marie roux;Female;Female;1684;1682;;;9;49436;16114;non;;none;oui;
jean jossaud;jean jassaud;Male;Male;1683;1681;;;9;17358;15121;non;;none;non;données pauvres ou incohérentes
jean jossaud;jean jassaud;Male;Male;1683;1681;;;9;17358;15122;non;;none;non;données pauvres ou incohérentes
jean jacques muller;jean jacques miller;Male;Male;1680;1678;1680;;9;15622;15548;non;;none;non;données pauvres ou incohérentes
? dumont;? dupont;Female;Male;1676;1674;1676;;9;14541;14579;non;;none;oui;prénom inconnu
csar lautier;csar gautier;Male;Male;1674;1672;1674;;9;15258;14788;non;;none;non;données pauvres ou incohérentes
paul gaillard;paul maillard;Male;Male;1671;1669;;;9;14730;17286;non;;none;non;données pauvres ou incohérentes
franoise antelme;franois antelme;Female;Male;1668;1666;;;9;17121;13706;non;;none;non;données pauvres ou incohérentes
louise gainon;louis gainon;Female;Male;1660;1658;;1659;9;14744;18646;non;;none;non;données pauvres ou incohérentes
franois girard;franoise girard;Male;Female;1654;1652;;;9;18498;18386;non;;none;non;données pauvres ou incohérentes
franoise arzan;franoise arzon;Female;Female;1652;1650;;;9;13722;18304;non;;none;non;données pauvres ou incohérentes
louis chabrol;louise chabrol;Male;Female;1650;1648;;;9;18313;14117;non;;none;non;données pauvres ou incohérentes
jacob gessel;jacob jessel;Male;Male;1647;1645;;;9;18200;18142;non;;none;non;données pauvres ou incohérentes
franois lorraine;franoise lorraine;Male;Female;1623;1621;1694;1682;9;59848;46166;non;;none;oui;
louis choquemin;louis cloquemin;Male;Male;1607;1605;;;9;20308;16866;non;;none;non;données pauvres ou incohérentes
pierre chanet;pierre chanut;Male;;1603;1601;;1662;9;43024;1053;non;;none;oui;
jan baptist van helmont;jan baptista van helmont;Male;Male;1579;1577;1644;1644;9;502;52451;oui;502;left;oui;
